CREATE TABLE REGIONS
(
    RGID        CHAR(4)         NOT NULL PRIMARY KEY,
    RNAME       VARCHAR2(30)    NOT NULL
);

INSERT INTO REGIONS VALUES('RG01', '부산');
INSERT INTO REGIONS VALUES('RG02', '울산');
INSERT INTO REGIONS VALUES('RG03', '창원');
INSERT INTO REGIONS VALUES('RG04', '김해');
INSERT INTO REGIONS VALUES('RG05', '대구');
INSERT INTO REGIONS VALUES('RG06', '안동');

SELECT * FROM REGIONS;

--COMMIT;
INSERT INTO REGIONS VALUES ('RG07', '경산');

INSERT INTO REGIONS VALUES ((SELECT 
'RG' || TRIM(TO_CHAR(TO_NUMBER(SUBSTR(MAX(RGID), 3, 2)) + 1, '00'))
FROM REGIONS
), '고양');

SELECT 
'RG' || TRIM(TO_CHAR(TO_NUMBER(SUBSTR(MAX(RGID), 3, 2)) + 1, '00'))
FROM REGIONS
;

CREATE TABLE STUDENTS
(
    SID     CHAR(4)         NOT NULL  PRIMARY KEY,
    SNAME   VARCHAR2(30)    NOT NULL,
    STEL    VARCHAR2(20)    NOT NULL,
    SADDR   VARCHAR2(10)    NOT NULL,
    SGENDER CHAR(1)         NOT NULL, 
    SAGE    NUMBER(3)       NOT NULL
);

    INSERT INTO STUDENTS VALUES('S001', '김돌우', '01077778888', 'RG01', 'M', 24);
    INSERT INTO STUDENTS VALUES('S002', '박영익', '01055556666', 'RG01', 'M', 27);
    INSERT INTO STUDENTS VALUES('S003', '도소욱', '01088887777', 'RG02', 'M', 28);
    INSERT INTO STUDENTS VALUES('S004', '정미주', '01055554444', 'RG02', 'F', 22);
    INSERT INTO STUDENTS VALUES('S005', '김기윤', '01077775555', 'RG03', 'M', 21);
    INSERT INTO STUDENTS VALUES('S006', '이효진', '01066669999', 'RG03', 'F', 25);
    INSERT INTO STUDENTS VALUES('S007', '강신욱', '01044447777', 'RG01', 'M', 23);
    INSERT INTO STUDENTS VALUES('S008', '박범식', '01099998888', 'RG02', 'M', 27);
    INSERT INTO STUDENTS VALUES('S009', '여인순', '01051477787', 'RG01', 'F', 31);
    INSERT INTO STUDENTS VALUES('S010', '최순애', '01078974444', 'RG04', 'F', 32);
    INSERT INTO STUDENTS VALUES('S011', '최비애', '01078972444', 'RG04', 'F', 22);
    
    --COMMIT;
    SELECT * FROM STUDENTS;
    SELECT * FROM REGIONS;
    
    --1.학생 리스트를 보여주셈 SADDR 자리에 지역값으로
    SELECT SNAME, STEL, T2.RNAME, SGENDER, SAGE
    FROM STUDENTS T1, REGIONS T2
    WHERE T1.SADDR = T2.RGID
    ;
    
    --2.현재 등록된 지역중에 학생이 한명도 없는 지역
    SELECT T2.RNAME
    FROM STUDENTS T1, REGIONS T2
    WHERE T1.SADDR(+) = T2.RGID
    AND SID IS NULL
    ;
    
    --3.지역별로 살고있는 학생수를 보여주세요 살고있지 않으면 0으로표시
    SELECT RNAME, COUNT(SID)
    FROM STUDENTS T1, REGIONS T2
    WHERE T1.SADDR(+) = T2.RGID
    GROUP BY RNAME
    ;
    
CREATE TABLE ATTENDANCE
(
    AIDX    NUMBER(5)       NOT NULL    PRIMARY KEY,
    SID     CHAR(4)         NOT NULL,
    SUBID   CHAR(4)         NOT NULL,
    ADATE   DATE            NOT NULL
);

    INSERT INTO ATTENDANCE VALUES(1, 'S001', 'SUB1', '2021-04-05');
    INSERT INTO ATTENDANCE VALUES(2, 'S001', 'SUB2', '2021-04-05');
    INSERT INTO ATTENDANCE VALUES(3, 'S001', 'SUB3', '2021-04-05');
    INSERT INTO ATTENDANCE VALUES(4, 'S001', 'SUB4', '2021-04-05');
    INSERT INTO ATTENDANCE VALUES(5, 'S001', 'SUB5', '2021-04-05');
    INSERT INTO ATTENDANCE VALUES(6, 'S001', 'SUB6', '2021-04-05');
        
    
    INSERT INTO ATTENDANCE VALUES(7, 'S002', 'SUB1', '2021-04-05');
    INSERT INTO ATTENDANCE VALUES(8, 'S002', 'SUB2', '2021-04-05');
    INSERT INTO ATTENDANCE VALUES(9, 'S002', 'SUB3', '2021-04-05');
    INSERT INTO ATTENDANCE VALUES(10, 'S002', 'SUB4', '2021-04-05');
    INSERT INTO ATTENDANCE VALUES(11, 'S002', 'SUB5', '2021-04-05');
    INSERT INTO ATTENDANCE VALUES(12, 'S002', 'SUB6', '2021-04-05');
    
    INSERT INTO ATTENDANCE VALUES(13, 'S003', 'SUB1', '2021-04-05');
    INSERT INTO ATTENDANCE VALUES(14, 'S003', 'SUB2', '2021-04-05');
    INSERT INTO ATTENDANCE VALUES(15, 'S003', 'SUB3', '2021-04-05');
    INSERT INTO ATTENDANCE VALUES(16, 'S003', 'SUB4', '2021-04-05');
    INSERT INTO ATTENDANCE VALUES(17, 'S003', 'SUB5', '2021-04-05');
    INSERT INTO ATTENDANCE VALUES(18, 'S003', 'SUB6', '2021-04-05');
    
    INSERT INTO ATTENDANCE VALUES(19, 'S004', 'SUB1', '2021-04-05');
    INSERT INTO ATTENDANCE VALUES(20, 'S004', 'SUB2', '2021-04-05');
    INSERT INTO ATTENDANCE VALUES(21, 'S004', 'SUB3', '2021-04-05');
    INSERT INTO ATTENDANCE VALUES(22, 'S004', 'SUB4', '2021-04-05');
    INSERT INTO ATTENDANCE VALUES(23, 'S004', 'SUB5', '2021-04-05');
    INSERT INTO ATTENDANCE VALUES(24, 'S004', 'SUB6', '2021-04-05');
    
    INSERT INTO ATTENDANCE VALUES(25, 'S005', 'SUB1', '2021-04-05');
    INSERT INTO ATTENDANCE VALUES(26, 'S005', 'SUB2', '2021-04-05');
    INSERT INTO ATTENDANCE VALUES(27, 'S005', 'SUB3', '2021-04-05');
    INSERT INTO ATTENDANCE VALUES(28, 'S005', 'SUB4', '2021-04-05');
    INSERT INTO ATTENDANCE VALUES(29, 'S005', 'SUB5', '2021-04-05');
    INSERT INTO ATTENDANCE VALUES(30, 'S005', 'SUB6', '2021-04-05');
    
    INSERT INTO ATTENDANCE VALUES(31, 'S006', 'SUB1', '2021-04-05');
    INSERT INTO ATTENDANCE VALUES(32, 'S006', 'SUB2', '2021-04-05');
    INSERT INTO ATTENDANCE VALUES(33, 'S006', 'SUB3', '2021-04-05');
    INSERT INTO ATTENDANCE VALUES(34, 'S006', 'SUB4', '2021-04-05');
    INSERT INTO ATTENDANCE VALUES(35, 'S006', 'SUB5', '2021-04-05');
    INSERT INTO ATTENDANCE VALUES(36, 'S006', 'SUB6', '2021-04-05');
    
    INSERT INTO ATTENDANCE VALUES(37, 'S007', 'SUB1', '2021-04-05');
    INSERT INTO ATTENDANCE VALUES(38, 'S007', 'SUB2', '2021-04-05');
    INSERT INTO ATTENDANCE VALUES(39, 'S007', 'SUB3', '2021-04-05');
    INSERT INTO ATTENDANCE VALUES(40, 'S007', 'SUB4', '2021-04-05');
    INSERT INTO ATTENDANCE VALUES(41, 'S007', 'SUB5', '2021-04-05');
    INSERT INTO ATTENDANCE VALUES(42, 'S007', 'SUB6', '2021-04-05');
    
    INSERT INTO ATTENDANCE VALUES(43, 'S008', 'SUB1', '2021-04-05');
    INSERT INTO ATTENDANCE VALUES(44, 'S008', 'SUB2', '2021-04-05');
    INSERT INTO ATTENDANCE VALUES(45, 'S008', 'SUB5', '2021-04-05');
    INSERT INTO ATTENDANCE VALUES(46, 'S008', 'SUB6', '2021-04-05');
    
    INSERT INTO ATTENDANCE VALUES(47, 'S009', 'SUB1', '2021-04-05');
    INSERT INTO ATTENDANCE VALUES(48, 'S009', 'SUB2', '2021-04-05');
    INSERT INTO ATTENDANCE VALUES(49, 'S009', 'SUB3', '2021-04-05');
    INSERT INTO ATTENDANCE VALUES(50, 'S009', 'SUB4', '2021-04-05');
    INSERT INTO ATTENDANCE VALUES(51, 'S009', 'SUB5', '2021-04-05');
    INSERT INTO ATTENDANCE VALUES(52, 'S009', 'SUB6', '2021-04-05');
    
    INSERT INTO ATTENDANCE VALUES(53, 'S010', 'SUB1', '2021-04-05');
    INSERT INTO ATTENDANCE VALUES(54, 'S010', 'SUB2', '2021-04-05');
    INSERT INTO ATTENDANCE VALUES(55, 'S010', 'SUB4', '2021-04-05');
    INSERT INTO ATTENDANCE VALUES(56, 'S010', 'SUB5', '2021-04-05');

    INSERT INTO ATTENDANCE VALUES(101, 'S001', 'SUB1', '2021-04-06');
    INSERT INTO ATTENDANCE VALUES(102, 'S001', 'SUB2', '2021-04-06');
    INSERT INTO ATTENDANCE VALUES(103, 'S001', 'SUB3', '2021-04-06');
    INSERT INTO ATTENDANCE VALUES(104, 'S001', 'SUB4', '2021-04-06');
    INSERT INTO ATTENDANCE VALUES(105, 'S001', 'SUB5', '2021-04-06');
    INSERT INTO ATTENDANCE VALUES(106, 'S001', 'SUB6', '2021-04-06');
    
    INSERT INTO ATTENDANCE VALUES(107, 'S002', 'SUB1', '2021-04-06');
    INSERT INTO ATTENDANCE VALUES(108, 'S002', 'SUB2', '2021-04-06');
    INSERT INTO ATTENDANCE VALUES(109, 'S002', 'SUB3', '2021-04-06');
    INSERT INTO ATTENDANCE VALUES(110, 'S002', 'SUB5', '2021-04-06');
    INSERT INTO ATTENDANCE VALUES(111, 'S002', 'SUB6', '2021-04-06');
    
    INSERT INTO ATTENDANCE VALUES(112, 'S003', 'SUB1', '2021-04-06');
    INSERT INTO ATTENDANCE VALUES(113, 'S003', 'SUB2', '2021-04-06');
    INSERT INTO ATTENDANCE VALUES(114, 'S003', 'SUB3', '2021-04-06');
    INSERT INTO ATTENDANCE VALUES(115, 'S003', 'SUB4', '2021-04-06');
    INSERT INTO ATTENDANCE VALUES(116, 'S003', 'SUB5', '2021-04-06');
    INSERT INTO ATTENDANCE VALUES(117, 'S003', 'SUB6', '2021-04-06');
    
    INSERT INTO ATTENDANCE VALUES(118, 'S004', 'SUB1', '2021-04-06');
    INSERT INTO ATTENDANCE VALUES(119, 'S004', 'SUB4', '2021-04-06');
    INSERT INTO ATTENDANCE VALUES(120, 'S004', 'SUB5', '2021-04-06');
    INSERT INTO ATTENDANCE VALUES(121, 'S004', 'SUB6', '2021-04-06');
    
    INSERT INTO ATTENDANCE VALUES(122, 'S005', 'SUB1', '2021-04-06');
    INSERT INTO ATTENDANCE VALUES(123, 'S005', 'SUB2', '2021-04-06');
    INSERT INTO ATTENDANCE VALUES(124, 'S005', 'SUB3', '2021-04-06');
    INSERT INTO ATTENDANCE VALUES(125, 'S005', 'SUB4', '2021-04-06');
    INSERT INTO ATTENDANCE VALUES(126, 'S005', 'SUB5', '2021-04-06');
    INSERT INTO ATTENDANCE VALUES(127, 'S005', 'SUB6', '2021-04-06');
    
    INSERT INTO ATTENDANCE VALUES(128, 'S006', 'SUB1', '2021-04-06');
    INSERT INTO ATTENDANCE VALUES(129, 'S006', 'SUB2', '2021-04-06');
    INSERT INTO ATTENDANCE VALUES(130, 'S006', 'SUB3', '2021-04-06');
    INSERT INTO ATTENDANCE VALUES(131, 'S006', 'SUB4', '2021-04-06');
    INSERT INTO ATTENDANCE VALUES(132, 'S006', 'SUB5', '2021-04-06');
    INSERT INTO ATTENDANCE VALUES(133, 'S006', 'SUB6', '2021-04-06');
    
    INSERT INTO ATTENDANCE VALUES(134, 'S007', 'SUB1', '2021-04-06');
    INSERT INTO ATTENDANCE VALUES(135, 'S007', 'SUB2', '2021-04-06');
    INSERT INTO ATTENDANCE VALUES(136, 'S007', 'SUB3', '2021-04-06');
    INSERT INTO ATTENDANCE VALUES(137, 'S007', 'SUB4', '2021-04-06');
    INSERT INTO ATTENDANCE VALUES(138, 'S007', 'SUB5', '2021-04-06');
    
    INSERT INTO ATTENDANCE VALUES(139, 'S008', 'SUB1', '2021-04-06');
    INSERT INTO ATTENDANCE VALUES(140, 'S008', 'SUB2', '2021-04-06');
    INSERT INTO ATTENDANCE VALUES(141, 'S008', 'SUB3', '2021-04-06');
    INSERT INTO ATTENDANCE VALUES(142, 'S008', 'SUB4', '2021-04-06');
    INSERT INTO ATTENDANCE VALUES(143, 'S008', 'SUB5', '2021-04-06');
    INSERT INTO ATTENDANCE VALUES(144, 'S008', 'SUB6', '2021-04-06');
    
    INSERT INTO ATTENDANCE VALUES(145, 'S009', 'SUB1', '2021-04-06');
    INSERT INTO ATTENDANCE VALUES(146, 'S009', 'SUB2', '2021-04-06');
    INSERT INTO ATTENDANCE VALUES(147, 'S009', 'SUB3', '2021-04-06');
    INSERT INTO ATTENDANCE VALUES(148, 'S009', 'SUB4', '2021-04-06');
    INSERT INTO ATTENDANCE VALUES(149, 'S009', 'SUB5', '2021-04-06');
    INSERT INTO ATTENDANCE VALUES(150, 'S009', 'SUB6', '2021-04-06');
    
    INSERT INTO ATTENDANCE VALUES(151, 'S010', 'SUB1', '2021-04-06');
    INSERT INTO ATTENDANCE VALUES(152, 'S010', 'SUB3', '2021-04-06');
    INSERT INTO ATTENDANCE VALUES(153, 'S010', 'SUB4', '2021-04-06');
    INSERT INTO ATTENDANCE VALUES(154, 'S010', 'SUB5', '2021-04-06');
    INSERT INTO ATTENDANCE VALUES(155, 'S010', 'SUB6', '2021-04-06');
    
    
    
    INSERT INTO ATTENDANCE VALUES(201, 'S001', 'SUB1', '2021-04-07');
    INSERT INTO ATTENDANCE VALUES(202, 'S001', 'SUB2', '2021-04-07');
    INSERT INTO ATTENDANCE VALUES(203, 'S001', 'SUB3', '2021-04-07');
    INSERT INTO ATTENDANCE VALUES(204, 'S001', 'SUB4', '2021-04-07');
    INSERT INTO ATTENDANCE VALUES(205, 'S001', 'SUB5', '2021-04-07');
    INSERT INTO ATTENDANCE VALUES(206, 'S001', 'SUB6', '2021-04-07');
    
    INSERT INTO ATTENDANCE VALUES(207, 'S002', 'SUB1', '2021-04-07');
    INSERT INTO ATTENDANCE VALUES(208, 'S002', 'SUB2', '2021-04-07');
    INSERT INTO ATTENDANCE VALUES(209, 'S002', 'SUB3', '2021-04-07');
    INSERT INTO ATTENDANCE VALUES(210, 'S002', 'SUB4', '2021-04-07');
    INSERT INTO ATTENDANCE VALUES(211, 'S002', 'SUB5', '2021-04-07');
    INSERT INTO ATTENDANCE VALUES(212, 'S002', 'SUB6', '2021-04-07');
    
    INSERT INTO ATTENDANCE VALUES(213, 'S003', 'SUB1', '2021-04-07');
    INSERT INTO ATTENDANCE VALUES(214, 'S003', 'SUB2', '2021-04-07');
    INSERT INTO ATTENDANCE VALUES(215, 'S003', 'SUB3', '2021-04-07');
    INSERT INTO ATTENDANCE VALUES(216, 'S003', 'SUB6', '2021-04-07');
    
    INSERT INTO ATTENDANCE VALUES(217, 'S004', 'SUB1', '2021-04-07');
    INSERT INTO ATTENDANCE VALUES(218, 'S004', 'SUB1', '2021-04-07');
    INSERT INTO ATTENDANCE VALUES(219, 'S004', 'SUB4', '2021-04-07');
    INSERT INTO ATTENDANCE VALUES(220, 'S004', 'SUB5', '2021-04-07');
    INSERT INTO ATTENDANCE VALUES(221, 'S004', 'SUB6', '2021-04-07');
    
    INSERT INTO ATTENDANCE VALUES(222, 'S005', 'SUB1', '2021-04-07');
    INSERT INTO ATTENDANCE VALUES(223, 'S005', 'SUB2', '2021-04-07');
    INSERT INTO ATTENDANCE VALUES(224, 'S005', 'SUB3', '2021-04-07');
    INSERT INTO ATTENDANCE VALUES(225, 'S005', 'SUB4', '2021-04-07');
    INSERT INTO ATTENDANCE VALUES(226, 'S005', 'SUB5', '2021-04-07');
    INSERT INTO ATTENDANCE VALUES(227, 'S005', 'SUB6', '2021-04-07');
    
    INSERT INTO ATTENDANCE VALUES(228, 'S006', 'SUB1', '2021-04-07');
    INSERT INTO ATTENDANCE VALUES(229, 'S006', 'SUB2', '2021-04-07');
    INSERT INTO ATTENDANCE VALUES(230, 'S006', 'SUB3', '2021-04-07');
    INSERT INTO ATTENDANCE VALUES(231, 'S006', 'SUB4', '2021-04-07');
    INSERT INTO ATTENDANCE VALUES(232, 'S006', 'SUB5', '2021-04-07');
    INSERT INTO ATTENDANCE VALUES(233, 'S006', 'SUB6', '2021-04-07');
    
    INSERT INTO ATTENDANCE VALUES(234, 'S007', 'SUB1', '2021-04-07');
    INSERT INTO ATTENDANCE VALUES(235, 'S007', 'SUB2', '2021-04-07');
    INSERT INTO ATTENDANCE VALUES(236, 'S007', 'SUB3', '2021-04-07');
    INSERT INTO ATTENDANCE VALUES(237, 'S007', 'SUB5', '2021-04-07');
    INSERT INTO ATTENDANCE VALUES(238, 'S007', 'SUB6', '2021-04-07');
    
    INSERT INTO ATTENDANCE VALUES(239, 'S008', 'SUB1', '2021-04-07');
    INSERT INTO ATTENDANCE VALUES(240, 'S008', 'SUB2', '2021-04-07');
    INSERT INTO ATTENDANCE VALUES(241, 'S008', 'SUB3', '2021-04-07');
    INSERT INTO ATTENDANCE VALUES(242, 'S008', 'SUB4', '2021-04-07');
    INSERT INTO ATTENDANCE VALUES(243, 'S008', 'SUB5', '2021-04-07');
    INSERT INTO ATTENDANCE VALUES(244, 'S008', 'SUB6', '2021-04-07');
    
    INSERT INTO ATTENDANCE VALUES(245, 'S009', 'SUB1', '2021-04-07');
    INSERT INTO ATTENDANCE VALUES(246, 'S009', 'SUB2', '2021-04-07');
    INSERT INTO ATTENDANCE VALUES(247, 'S009', 'SUB3', '2021-04-07');
    INSERT INTO ATTENDANCE VALUES(248, 'S009', 'SUB4', '2021-04-07');
    INSERT INTO ATTENDANCE VALUES(249, 'S009', 'SUB5', '2021-04-07');
    
    INSERT INTO ATTENDANCE VALUES(250, 'S010', 'SUB1', '2021-04-07');
    INSERT INTO ATTENDANCE VALUES(251, 'S010', 'SUB3', '2021-04-07');
    INSERT INTO ATTENDANCE VALUES(252, 'S010', 'SUB4', '2021-04-07');
    INSERT INTO ATTENDANCE VALUES(253, 'S010', 'SUB5', '2021-04-07');
    INSERT INTO ATTENDANCE VALUES(254, 'S010', 'SUB6', '2021-04-07');
    
    SELECT * FROM REGIONS;
    SELECT * FROM STUDENTS;
    SELECT * FROM ATTENDANCE;
    SELECT * FROM SUBJECTS;
    --COMMIT;
    
    --1.출석 리스트 학생이름, 과목명, 날짜
    SELECT T3.SNAME, T2.SNAME, T1.ADATE
    FROM ATTENDANCE T1, SUBJECTS T2, STUDENTS T3
    WHERE T1.SUBID = T2.SUBID 
    AND T1.SID = T3.SID
    ;
    
    --2.학생별로 출석한 횟수
    SELECT T1.SNAME, COUNT(T2.ADATE)
    FROM STUDENTS T1, ATTENDANCE T2
    WHERE T1.SID = T2.SID(+)
    GROUP BY T1.SNAME
    ;
    
    --3.남학생 여학생 각각의 평균 나이를 구하세요
    SELECT DECODE(SGENDER, 'M', '남학생', '여학생') AS GENDER, AVG(SAGE)
    FROM STUDENTS
    GROUP BY DECODE(SGENDER, 'M', '남학생', '여학생')
    ;
    
    --4.3일동안 전과목을 출석한 학생 리스트를 학생이름 성별 나이를 보여주셈 XX
    SELECT * FROM REGIONS;
    SELECT * FROM STUDENTS;
    SELECT * FROM ATTENDANCE;
    SELECT * FROM SUBJECTS;

    SELECT ADATE FROM ATTENDANCE GROUP BY ADATE;
    
    SELECT * 
    FROM
    (
        SELECT T2.SID, T2.SNAME, COUNT(T2.SID)AS CNT
        FROM ATTENDANCE T1, STUDENTS T2
        WHERE T1.SID = T2.SID
        GROUP BY T2.SID, T2.SNAME
    )T1,
    ATTENDANCE T2
    WHERE T1.SID(+) = T2.SID
    ;
    
    DELETE  FROM ATTENDANCE
    WHERE AIDX = 218;
    
    
    --한번이라도 출석을 안한 학생
    
    SELECT T2.SNAME
    FROM ATTENDANCE T1, STUDENTS T2
    WHERE T1.SID(+) = T2.SID
    AND T1.ADATE IS NULL
    ;
    
    --4월한달간 날짜별로 출석한 학생 수
    
    SELECT T2.CNT, COUNT(T1.ADATE)
    FROM 
    (
        SELECT SID, ADATE, COUNT(SID)
        FROM ATTENDANCE
        GROUP BY SID, ADATE
    )T1,
    (
        SELECT TO_CHAR(TO_DATE('2021/04/01', 'YYYY/MM/DD') + LEVEL -1, 'YY/MM/DD')AS CNT 
        FROM DUAL 
        CONNECT BY LEVEL <= 30
    )T2
    WHERE T1.ADATE(+) = T2.CNT
    GROUP BY T2.CNT
    ORDER BY T2.CNT ASC
    ;
    
    SELECT * FROM REGIONS;
    SELECT * FROM STUDENTS;
    SELECT * FROM ATTENDANCE;
    SELECT * FROM SUBJECTS;
    
    --4월한달간 날짜별로 출석한 학생 수 날짜에서 토요일 일요일 제외
    
    --지역별 학생들의 출석률
    SELECT RNAME
    FROM REGIONS T1, STUDENTS T2
    WHERE T1.RGID = T2.SADDR
    GROUP BY RNAME
    ;
    
    
CREATE TABLE PROFESSORS
(
    PID     CHAR(4)         NOT NULL  PRIMARY KEY,
    PNAME   VARCHAR2(30)    NOT NULL,
    PTEL    VARCHAR2(20)    NOT NULL,
    PADDR   VARCHAR2(10)    NOT NULL,
    PGENDER CHAR(1)         NOT NULL,
    BIRTH   VARCHAR2(8)     NOT NULL
);
    
    INSERT INTO PROFESSORS VALUES('P001','최국일','01099996566','RG03','M','19730804');
    INSERT INTO PROFESSORS VALUES('P002','경승수','01077148888','RG01','M','19710109');
    INSERT INTO PROFESSORS VALUES('P003','박수연','01055414444','RG01','F','19780214');
    INSERT INTO PROFESSORS VALUES('P004','김경순','01024147784','RG01','F','19801222');
    INSERT INTO PROFESSORS VALUES('P005','박수걸','01074145887','RG02','M','19770505');
    INSERT INTO PROFESSORS VALUES('P006','도인중','01021444444','RG04','M','19781128');
    INSERT INTO PROFESSORS VALUES('P007','이수영','01057414414','RG02','F','19800107');
    INSERT INTO PROFESSORS VALUES('P008','이국중','01092417984','RG03','M','19730309');
    INSERT INTO PROFESSORS VALUES('P009','박도우','01092417984','RG05','M','19801009');
    INSERT INTO PROFESSORS VALUES('P010','이연수','01092417984','RG01','F','19820509');
    
    SELECT * FROM PROFESSORS;
    --COMMIT;
    
CREATE TABLE SUBJECTS
(
    SUBID   CHAR(4)         NOT NULL PRIMARY KEY,
    SNAME   VARCHAR2(30)    NOT NULL,
    GRADE   NUMBER(3)       NOT NULL               --학점
);

    INSERT INTO SUBJECTS VALUES('SUB1','국어',3);
    INSERT INTO SUBJECTS VALUES('SUB2','수학',3);
    INSERT INTO SUBJECTS VALUES('SUB3','영어',3);
    INSERT INTO SUBJECTS VALUES('SUB4','과학',2);
    INSERT INTO SUBJECTS VALUES('SUB5','사회',2);
    INSERT INTO SUBJECTS VALUES('SUB6','음악',1);
    --COMMIT;
    SELECT * FROM SUBJECTS;
    
CREATE TABLE EXAMS
(
    PID        CHAR(4)          NOT NULL,
    SUBID      CHAR(4)          NOT NULL,
    EIDX       NUMBER(5)        NOT NULL,
    ENAME      VARCHAR2(30)     NOT NULL
);

    INSERT INTO EXAMS VALUES('P001','SUB1',1,'국어 시험');
    INSERT INTO EXAMS VALUES('P002','SUB2',1,'수학 시험');
    INSERT INTO EXAMS VALUES('P003','SUB3',1,'영어 시험');
    INSERT INTO EXAMS VALUES('P004','SUB4',1,'과학 시험');
    INSERT INTO EXAMS VALUES('P005','SUB5',1,'사회 시험');
    INSERT INTO EXAMS VALUES('P006','SUB6',1,'음악 시험');
    
    SELECT * FROM EXAMS;
    SELECT * FROM ATTENDANCE;
    SELECT * FROM PROFESSORS;
    SELECT * FROM REGIONS;
    SELECT * FROM STUDENTS;
    SELECT * FROM SUBJECTS;    
    --COMMIT;
    
    --1. 교수중에 시험문제를 출제하지 않은사람
    SELECT T2.PNAME
    FROM EXAMS T1, PROFESSORS T2
    WHERE T1.PID(+) = T2.PID
    AND T1.PID IS NULL
    ;
    
    --2.교수중에 나이가 제일 많은사람
    SELECT *
    FROM
    (
    SELECT PID, PNAME, TO_DATE(BIRTH, 'YYYY/MM/DD')AS BIRTH
        ,RANK() OVER(ORDER BY BIRTH ASC)AS RNK
    FROM PROFESSORS
    )T1
    WHERE T1.RNK = 1
    ;
    
    --3.교수리스트중에 아이디 이름 연락처 성별 나이
    SELECT PID, PNAME, PTEL, DECODE(PGENDER, 'M', '남성', '여성') AS GENDER,
        ROUND((SYSDATE - TO_DATE(BIRTH, 'YY/MM/DD')) / 365, 0) AS AGE
    FROM PROFESSORS
    ;
    
    --4.지역별 교수 숫자
    SELECT T2.RNAME, COUNT(T1.PADDR) AS CNT
    FROM PROFESSORS T1, REGIONS T2
    WHERE T1.PADDR(+) = T2.RGID
    GROUP BY T2.RNAME
    ORDER BY CNT DESC
    ;
    
    --5.년대생으로 구분
    SELECT SUBSTR(BIRTH, 3, 1) || '0' AS DECADE, COUNT(*)AS CNT
    FROM PROFESSORS
    GROUP BY SUBSTR(BIRTH, 3, 1)
    ;
    
    SELECT PNAME,
    CASE WHEN BIRTH LIKE '1970%' THEN '1970' ELSE '1980'  
    FROM PROFESSORS
    ;
    
    SELECT * FROM EXAMS;
    --6.나이가 제일 많은 교수가 출제한 시험
    
    SELECT T1.PNAME, T2.ENAME
    FROM
    (
    SELECT PID, PNAME, TO_DATE(BIRTH, 'YYYY/MM/DD')AS AGE,
        RANK() OVER(ORDER BY TO_DATE(BIRTH, 'YYYY/MM/DD') ASC) AS OLD
    FROM PROFESSORS
    )T1, EXAMS T2
    WHERE T1.PID = T2.PID
    AND T1.OLD = 1
    ;
    
    --7.부산에 사는 교수중에 여자이면서 나이가 40이상인사람
    SELECT *
    FROM PROFESSORS T1, REGIONS T2
    WHERE T1.PADDR = T2.RGID
    AND PGENDER = 'F'
    AND T2.RNAME = '부산'
    AND (SYSDATE - TO_DATE(BIRTH, 'YY/MM/DD')) / 365 < 50
    AND (SYSDATE - TO_DATE(BIRTH, 'YY/MM/DD')) / 365 >= 40
    ;
    
CREATE TABLE SCORES
(
    SID         CHAR(4)             NOT NULL,
    PID         CHAR(4)             NOT NULL,
    SUBID       CHAR(4)             NOT NULL,
    EIDX        NUMBER(5)           NOT NULL,
    SCIDX       NUMBER(5)           NOT NULL,
    SCORE       NUMBER(5,2)         NOT NULL
);

    --김돌우
    INSERT INTO EXAMS VALUES('S001', 'P001', 'S001', 1, 1, 91.12);
    INSERT INTO EXAMS VALUES('S001', 'P002', 'S002', 1, 1, 78.67);                             
    INSERT INTO EXAMS VALUES('S001', 'P003', 'S003', 1, 1, 86.45);
    INSERT INTO EXAMS VALUES('S001', 'P004', 'S004', 1, 1, 80.67);
    INSERT INTO EXAMS VALUES('S001', 'P005', 'S005', 1, 1, 90);
    INSERT INTO EXAMS VALUES('S001', 'P006', 'S006', 1, 1, 77);
    
    --박영익
    INSERT INTO EXAMS VALUES('S002', 'P001', 'S001', 1, 1, 69);
    INSERT INTO EXAMS VALUES('S002', 'P002', 'S002', 1, 1, 98);                             
    INSERT INTO EXAMS VALUES('S002', 'P003', 'S003', 1, 1, 56);
    INSERT INTO EXAMS VALUES('S002', 'P004', 'S004', 1, 1, 78);
    INSERT INTO EXAMS VALUES('S002', 'P005', 'S005', 1, 1, 87.90);
    INSERT INTO EXAMS VALUES('S002', 'P006', 'S006', 1, 1, 76.20);
    
    --도소욱
    INSERT INTO EXAMS VALUES('S003', 'P002', 'S002', 1, 1, 65.44);
    INSERT INTO EXAMS VALUES('S003', 'P003', 'S003', 1, 1, 78.09);                             
    INSERT INTO EXAMS VALUES('S003', 'P004', 'S004', 1, 1, 88);
    INSERT INTO EXAMS VALUES('S003', 'P005', 'S005', 1, 1, 56);
    INSERT INTO EXAMS VALUES('S003', 'P006', 'S006', 1, 1, 78);

    --정미주
    INSERT INTO EXAMS VALUES('S004', 'P001', 'S001', 1, 1, 90);
    INSERT INTO EXAMS VALUES('S004', 'P002', 'S002', 1, 1, 77);                             
    INSERT INTO EXAMS VALUES('S004', 'P003', 'S003', 1, 1, 90);
    INSERT INTO EXAMS VALUES('S004', 'P004', 'S004', 1, 1, 94);
    INSERT INTO EXAMS VALUES('S004', 'P005', 'S005', 1, 1, 76.44);
    INSERT INTO EXAMS VALUES('S004', 'P006', 'S006', 1, 1, 87.45);
    
    --김기윤
    INSERT INTO EXAMS VALUES('S005', 'P001', 'S001', 1, 1, 77.45);
    INSERT INTO EXAMS VALUES('S005', 'P002', 'S002', 1, 1, 99);                             
    INSERT INTO EXAMS VALUES('S005', 'P003', 'S003', 1, 1, 87);
    INSERT INTO EXAMS VALUES('S005', 'P004', 'S004', 1, 1, 78);
    

    --이효진
    INSERT INTO EXAMS VALUES('S006', 'P001', 'S001', 1, 1, 77);
    INSERT INTO EXAMS VALUES('S006', 'P002', 'S002', 1, 1, 65);                             
    INSERT INTO EXAMS VALUES('S006', 'P003', 'S003', 1, 1, 54);
    INSERT INTO EXAMS VALUES('S006', 'P004', 'S004', 1, 1, 77.44);
    INSERT INTO EXAMS VALUES('S006', 'P005', 'S005', 1, 1, 80.87);
    INSERT INTO EXAMS VALUES('S006', 'P006', 'S006', 1, 1, 98);
    
    
    --강신욱
    INSERT INTO EXAMS VALUES('S008', 'P001', 'S001', 1, 1, 90);
    INSERT INTO EXAMS VALUES('S008', 'P002', 'S002', 1, 1, 88.67);                             
    INSERT INTO EXAMS VALUES('S008', 'P003', 'S003', 1, 1, 67.56);
    INSERT INTO EXAMS VALUES('S008', 'P004', 'S004', 1, 1, 90);
    INSERT INTO EXAMS VALUES('S008', 'P005', 'S005', 1, 1, 71.11);
    INSERT INTO EXAMS VALUES('S008', 'P006', 'S006', 1, 1, 87.45);
    
    --박범식
    INSERT INTO EXAMS VALUES('S009', 'P001', 'S001', 1, 1, 65);
    INSERT INTO EXAMS VALUES('S009', 'P002', 'S002', 1, 1, 56.67);                             
    INSERT INTO EXAMS VALUES('S009', 'P003', 'S003', 1, 1, 77);
    INSERT INTO EXAMS VALUES('S009', 'P004', 'S004', 1, 1, 82);
    INSERT INTO EXAMS VALUES('S009', 'P005', 'S005', 1, 1, 83.09);
    INSERT INTO EXAMS VALUES('S009', 'P006', 'S006', 1, 1, 93);
    
    --여인순
    INSERT INTO EXAMS VALUES('S007', 'P001', 'S001', 1, 1, 56);
    INSERT INTO EXAMS VALUES('S007', 'P002', 'S002', 1, 1, 97);                             
    INSERT INTO EXAMS VALUES('S007', 'P003', 'S003', 1, 1, 57);
    INSERT INTO EXAMS VALUES('S007', 'P004', 'S004', 1, 1, 90);
    INSERT INTO EXAMS VALUES('S007', 'P005', 'S005', 1, 1, 76);
    INSERT INTO EXAMS VALUES('S007', 'P006', 'S006', 1, 1, 84);
    
    --최순애
    INSERT INTO EXAMS VALUES('S010', 'P001', 'S001', 1, 1, 78);
    INSERT INTO EXAMS VALUES('S010', 'P003', 'S002', 1, 1, 89);                             
    INSERT INTO EXAMS VALUES('S010', 'P006', 'S004', 1, 1, 78.56);
    INSERT INTO EXAMS VALUES('S010', 'P007', 'S005', 1, 1, 80.88);
    INSERT INTO EXAMS VALUES('S010', 'P008', 'S006', 1, 1, 98);
    
    
    --1. 각 교수별 시험출제 현황 리스트를 보여주세요
    --(교수이름, 과목명, 시험명)
    
    --2. 지역별 학생수 리스트를 보여주세요
    
    --3. 지역별 교수숫자 리스트를 보여주세요
    
    --4  국어시험 1을 국어시험으로 치른 학생 리스트를 보여주세요
    
    --5. 부산에 사는 학생들의 영어시험 평균과 총점을 리스트로 보여주세요
    SELECT * FROM STUDENTS;
    SELECT * FROM EXAMS;
    SELECT * FROM SCORES
    WHERE PID = 'P005' AND SUBID = 'S003'
    ;
    
    SELECT T1.SID, T1.SNAME, SUM(NVL(T2.SCORE, 0)) AS TLT, AVG(NVL(T2.SCORE, 0)) AS AVG
    FROM STUDENTS T1,
    (
        SELECT * FROM SCORES
        WHERE PID = 'P005' AND SUBID = 'S003'
    ) T2
    WHERE T1.SID = T2.SID(+)
    AND T1.SADDR = '부산'
    GROUP BY T1.SID, T1.SNAME
    ;
    
    --6. 남자 교수님들이 출제한 시험의 총점과 평균을 구해주세요
    SELECT * FROM PROFESSORS
    WHERE PGENDER = 'M'
    ;
    
    SELECT * FROM EXAMS;
    
    SELECT * FROM SCORES;
    
    SELECT T1.PGENDER, SUM(SCORE), AVG(SCORE)
    FROM PROFESSORS T1, EXAMS T2, SCORES T3
    WHERE T1.PID = T2.PID
    AND T2.PID = T3.PID AND T2.SUBID = T3.SUBID
    AND T1.PGENDER = 'M'
    GROUP BY T1.PGENDER
    ;
    
    --7. 각 학생별로 시험을 치룬 과목수를 리스트로 보여주세요
    
    --8. 1980년대생 교수들이 출제한 과목을 리스트로 보여주세요
    
    --9. 시험출제를 하지 않은 교수를 보여주세요
    
    --10. 여자교수님들이 출제한 시험의 총점과 평균을 구해주세요
    
    --11. 20대 여학생이 치른 시험의 총점과 평균을 구해주세요
    
    --12. 각 지역별로 학생들의 총점과 평균을 구해주세요
    
    --13. 각 과목(시험아님)별로 평균점수를 구해주세요
    
    --14. 모든학생들의 총점과 평균 점수를 보여주세요S
    
    --15. 각 교수별로 출제한 시험의 평균 점수를 보여주세요
    
    --16. 시험별로 시험을 치르지 않은 학생 리스트를 보여주세요
    
    --17. 평균점수가 가장 높은 시험의 가장높은 점수를 받은 학생을 찾아주세요
    SELECT * FROM EXAMS;
    SELECT * FROM SCORES;
    
    
    
    SELECT PID, SUBID, AVG(SCORE) AS MAXSCORE 
    FROM
    (
        SELECT A.SID, A.SNAME, B.SUBID, B.PID, NVL(B.SCORE,0) AS SCORE 
                
        FROM
        (
            SELECT T1.SID, T1.SNAME, T2.SUBID, T3.PID
            FROM STUDENTS T1,
            (
                SELECT SUBID FROM EXAMS
                GROUP BY SUBID
            ) T2, SCORES T3
            WHERE T2.SUBID = T3.SUBID AND T1.SID = T3.SID
        ) A,
        (
            SELECT T1.SID, T2.SUBID, T2.PID, MAX(T2.SCORE) AS SCORE 
            FROM STUDENTS T1, SCORES T2
            WHERE T1.SID = T2.SID
            GROUP BY T1.SID, T2.SUBID, T2.PID
        ) B
        WHERE A.SID = B.SID(+) AND A.SUBID = B.SUBID(+)
    )
    GROUP BY PID, SUBID
    ORDER BY  AVG(SCORE) DESC
    ;
    

    SELECT * 
    FROM EXAMS T1, SCORES T2
    WHERE T1.PID = T2.PID AND T1.SUBID = T2.SUBID
    ;
    
    SELECT * FROM SCORES
    WHERE PID = 'P003' AND SUBID = 'S002'
    ;
    
    
    /********************************************************************/
    SELECT SID, SNAME, ENAME, SCORE FROM
    (
        SELECT E.SID, E.SNAME, C.ENAME, D.SCORE, C.AVGSCORE, 
        RANK() OVER(ORDER BY SCORE DESC) AS RNK
        FROM
        (
            SELECT A.PID, A.SUBID, AVG(NVL(SCORE, 0)) AS AVGSCORE,
            (SELECT ENAME FROM EXAMS WHERE PID = A.PID AND SUBID = A.SUBID) AS ENAME,
            RANK() OVER (ORDER BY AVG(NVL(SCORE, 0)) DESC) AS RNK
            FROM
            (
                SELECT T1.SID, T1.SNAME, T2.SUBID, --T3.SUBID,
                NVL(T3.PID, (SELECT MAX(PID) FROM EXAMS WHERE SUBID = T2.SUBID)) AS PID
                FROM STUDENTS T1,
                (
                    SELECT SUBID FROM EXAMS
                    GROUP BY SUBID
                ) T2, SCORES T3
                WHERE T2.SUBID = T3.SUBID(+) AND T1.SID = T3.SID(+)
            ) A, SCORES B
            WHERE A.SID = B.SID(+) AND A.PID = B.PID(+) AND A.SUBID = B.SUBID(+)
            GROUP BY A.PID, A.SUBID
            ORDER BY AVG(NVL(SCORE, 0)) DESC
        ) C, SCORES D, STUDENTS E
        WHERE C.PID = D.PID AND C.SUBID = D.SUBID 
        AND D.SID = E.SID
        AND C.RNK = 1
    )
    WHERE RNK = 1
    ;
    
    
    
    
    --18. 평균점수가 가장 낮은 시험의 가장낮은 점수를 받은 학생을 찾아주세요
    
    --19. 60점미만이면 재시험이라고 하면 재시험을 쳐야 하는 시험과 학생수를 보여주세요
    
    --20. 가장 평균이 높은 시험을 출제한 교수가 사는 지역에 살고 있는 학생리스트를 보여주세요