CREATE TABLE AGENTS
(	
    "AGENT_CODE" CHAR(6) NOT NULL PRIMARY KEY, 
	"AGENT_NAME" VARCHAR2(400), 
	"WORKING_AREA" VARCHAR2(350), 
	"COMMISSION" NUMBER(3,2), 
	"PHONE_NO" VARCHAR2(20), 
	"COUNTRY" VARCHAR2(40) 
);

INSERT INTO AGENTS VALUES ('A007', '김갑수', '평양', '0.15', '077-2581-4763', '조선민주주의인민공화국');
INSERT INTO AGENTS VALUES ('A003', '무작정', '런던', '0.13', '075-1245-8969', '조선민주주의인민공화국');
INSERT INTO AGENTS VALUES ('A008', '앞으로', '뉴욕', '0.12', '044-2587-4365', '조선민주주의인민공화국');
INSERT INTO AGENTS VALUES ('A011', '돌격중', '뭄바이', '0.15', '077-4562-5874', '대한민국');
INSERT INTO AGENTS VALUES ('A010', '분대장', '모스크바', '0.14', '007-2238-8644', '중화인민공화국');
INSERT INTO AGENTS VALUES ('A012', '박격포', '블라디보스톡', '0.12', '044-5298-1425', '조선민주주의인민공화국');
INSERT INTO AGENTS VALUES ('A005', '어택', '버밍엄', '0.13', '045-2144-7739', '소비에트 연방');
INSERT INTO AGENTS VALUES ('A001', '이순신', '방골라', '0.14', '077-1234-6674', '대한민국');
INSERT INTO AGENTS VALUES ('A002', '장보고', '워싱턴', '0.11', '029-1235-8964', '조선민주주의인민공화국');
INSERT INTO AGENTS VALUES ('A006', '이성계', '메데진', '0.15', '078-2225-5588', '조선민주주의인민공화국');
INSERT INTO AGENTS VALUES ('A004', '육준서', '토론토', '0.15', '008-2254-4166', '조선민주주의인민공화국');
INSERT INTO AGENTS VALUES ('A009', '김북파', '뉴햄프셔', '0.11', '008-2253-6178', '중화인민공화국');

SELECT * FROM AGENTS;

SELECT * FROM CUSTOMER;


CREATE TABLE COUNTRY
(
	"CID" CHAR(6)
	"CNAME" VARCHAR2(40)
	"TELCODE" CHAR(6)
);

INSERT INTO COUNTRY VALUES('T001', '대한민국', '+82');
INSERT INTO COUNTRY VALUES('T002', '조선민주주의인민공화국', '+02');
INSERT INTO COUNTRY VALUES('T003', '소비에트 연방', '+03');
INSERT INTO COUNTRY VALUES('T004', '대한민국', '+82');



















CREATE TABLE PLACE_ID
(
	"LOCATION" VARCHAR2(50) NOT NULL,
	"NATIONALITY" VARCHAR2(50) NOT NULL,

);






CREATE TABLE CUSTOMER
(	"CUST_CODE" VARCHAR2(60) NOT NULL PRIMARY KEY, 
	
	
	"CUST_NAME" VARCHAR2(400) NOT NULL, 
	
	
	--"CUST_CITY" VARCHAR2(350) NOT NULL,
	--하나로
	--"WORKING_AREA" VARCHAR2(350) NOT NULL,
	"PLACE_ID" REFERENCE PARENTTABLE()
	
	
	
	--"CUST_COUNTRY" VARCHAR2(200) NOT NULL,
		
	
	
	"CODE_NO" VARCHAR2(17) NOT NULL, 
);

INSERT INTO CUSTOMER VALUES ('C001', '홈즈', 'SHELTER', 'COUNTRY', 'A003');
INSERT INTO CUSTOMER VALUES ('C002', '미카엘', 'New York', 'New York', 'USA', '2','AA', 'A008');
INSERT INTO CUSTOMER VALUES ('C003', '알버트', 'New York', 'New York', 'USA', '3', 'AC', 'A008');
INSERT INTO CUSTOMER VALUES ('C004', '랄비어', 'Bangalore', 'Bangalore', 'India', '2', 'AD', 'A011');
INSERT INTO CUSTOMER VALUES ('C005', '쿡', 'London', 'London', 'UK', '2', 'AF', 'A006');
INSERT INTO CUSTOMER VALUES ('C006', '스튜어트', 'London', 'London', 'UK', '1', 'AG', 'A003');
INSERT INTO CUSTOMER VALUES ('C007', '볼트', 'New York', 'New York', 'USA', '3', 'AH', 'A008');
INSERT INTO CUSTOMER VALUES ('C008', '플레밍', 'Brisban', 'Brisban', 'Australia', 'AJ', 'A005');
INSERT INTO CUSTOMER VALUES ('C009', '잭스', 'Brisban', 'Brisban', 'Australia', '1', 'AK', 'A005');
INSERT INTO CUSTOMER VALUES ('C010', '란두인', 'Chennai', 'Chennai', 'India', '1', 'AL', 'A010');
INSERT INTO CUSTOMER VALUES ('C011', '김망자', 'Mumbai', 'Mumbai', 'India', '1', 'AQ', 'A002');
INSERT INTO CUSTOMER VALUES ('C012', '라마단', 'Chennai', 'Chennai', 'India', '1', 'AW', 'A010');
INSERT INTO CUSTOMER VALUES ('C013', '아비나쉬', 'Mumbai', 'Mumbai', 'India', '2', 'AE','A002');
INSERT INTO CUSTOMER VALUES ('C014', '윈스턴', 'Brisban', 'Brisban', 'Australia', '1', 'AR', 'A005');
INSERT INTO CUSTOMER VALUES ('C015', '칼', 'London', 'London', 'UK', '0', 'AT', 'A006');
INSERT INTO CUSTOMER VALUES ('C016', '쉴튼', 'Torento', 'Torento', 'Canada', '1', 'AY', 'A004');
INSERT INTO CUSTOMER VALUES ('C017', '찰스', 'Hampshair', 'Hampshair', 'UK', '3', 'ZS', 'A009');
INSERT INTO CUSTOMER VALUES ('C018', '서비너스', 'Bangalore', 'Bangalore', 'India', 'ZA', 'A007');
INSERT INTO CUSTOMER VALUES ('C019', '스티븐', 'San Jose', 'San Jose', 'USA', '1', 'ZX', 'A012');
INSERT INTO CUSTOMER VALUES ('C020', '캐롤리나', 'Torento', 'Torento', 'Canada', '1', 'ZC', 'A004');
INSERT INTO CUSTOMER VALUES ('C021', '마틴', 'Torento', 'Torento', 'Canada', '2', 'ZV', 'A004');
INSERT INTO CUSTOMER VALUES ('C022', '라메쉬', 'Mumbai', 'Mumbai', 'India', '3', 'ZB', 'A002');
INSERT INTO CUSTOMER VALUES ('C023', '랑가라파', 'Bangalore', 'Bangalore', 'India', 'QW', 'A001');
INSERT INTO CUSTOMER VALUES ('C024', '벤카파티', 'Bangalore', 'Bangalore', 'India', 'QE', 'A007');
INSERT INTO CUSTOMER VALUES ('C025', '김정택', 'Chennai', 'Chennai', 'India', '3', 'QR', 'A010');
























CREATE TABLE ORDERS
(
    ORD_NUM NUMBER(6,0) NOT NULL PRIMARY KEY, 
	ORD_PRICE NUMBER(12,2) NOT NULL, 
	SET_PRICE NUMBER(12,2) NOT NULL,
	CUST_CODE VARCHAR2(6) NOT NULL, 
	AGENT_CODE CHAR(6) NOT NULL, 
	ORD_DESCRIPTION VARCHAR2(60) NOT NULL
);

SELECT * FROM ORDERS;
DROP TABLE ORDERS;

INSERT INTO ORDERS VALUES('200100', '1000.00', '600.00', 'C001', 'A003', 'ASASSINATE');
INSERT INTO ORDERS VALUES('200110', '3000.00', '500.00', 'C002', 'A010', 'EOD');
INSERT INTO ORDERS VALUES('200107', '4500.00', '900.00', 'C003', 'A010', 'INFORMATION INTERCEPT');
INSERT INTO ORDERS VALUES('200112', '2000.00', '400.00', 'C004', 'A007', 'ASASSINATE'); 
INSERT INTO ORDERS VALUES('200113', '4000.00', '600.00', 'C005', 'A002', 'EOD');
INSERT INTO ORDERS VALUES('200102', '2000.00', '300.00', 'C006', 'A012', 'EOD');
INSERT INTO ORDERS VALUES('200114', '3500.00', '2000.00', 'C007', 'A008', 'ASASSINATE');
INSERT INTO ORDERS VALUES('200122', '2500.00', '400.00', 'C008', 'A004', 'SOD');
INSERT INTO ORDERS VALUES('200118', '500.00', '100.00', 'C009', 'A006', 'INFORMATION INTERCEPT');
INSERT INTO ORDERS VALUES('200119', '4000.00', '700.00', 'C010', 'A010', 'ASASSINATE');
INSERT INTO ORDERS VALUES('200121', '1500.00', '600.00', 'C011', 'A004', 'SOD');
INSERT INTO ORDERS VALUES('200130', '2500.00', '400.00', 'C012', 'A011', 'INFORMATION INTERCEPT');
INSERT INTO ORDERS VALUES('200134', '4200.00', '1800.00', 'C013', 'A005', 'SOD');
INSERT INTO ORDERS VALUES('200108', '4000.00', '600.00', 'C014', 'A004', 'ASASSINATE');
INSERT INTO ORDERS VALUES('200103', '1500.00', '700.00', 'C015', 'A005', 'SOD');
INSERT INTO ORDERS VALUES('200105', '2500.00', '500.00', 'C016', 'A011', 'ASASSINATE');
INSERT INTO ORDERS VALUES('200109', '3500.00', '800.00', 'C017', 'A010', 'EOD');
INSERT INTO ORDERS VALUES('200101', '3000.00', '1000.00', 'C018', 'A008', 'SOD');
INSERT INTO ORDERS VALUES('200111', '1000.00', '300.00', 'C019', 'A008', 'EOD');
INSERT INTO ORDERS VALUES('200104', '1500.00', '500.00', 'C020', 'A004', 'EOD');
INSERT INTO ORDERS VALUES('200106', '2500.00', '700.00', 'C021', 'A002', 'SOD');
INSERT INTO ORDERS VALUES('200125', '2000.00', '600.00', 'C022', 'A005', 'SOD');
INSERT INTO ORDERS VALUES('200117', '800.00', '200.00', 'C024', 'A001', 'ASASSINATE');
INSERT INTO ORDERS VALUES('200123', '500.00', '100.00', 'C025', 'A002', 'ASASSINATE');
INSERT INTO ORDERS VALUES('200120', '500.00', '100.00', 'C020', 'A002', 'SOD');
INSERT INTO ORDERS VALUES('200116', '500.00', '100.00', 'C001', 'A009', 'INFORMATION INTERCEPT');
INSERT INTO ORDERS VALUES('200124', '500.00', '100.00', 'C002', 'A007', 'SOD'); 
INSERT INTO ORDERS VALUES('200126', '500.00', '100.00', 'C003', 'A002', 'ASASSINATE');
INSERT INTO ORDERS VALUES('200129', '2500.00', '500.00', 'C004', 'A006', 'INFORMATION INTERCEPT');
INSERT INTO ORDERS VALUES('200127', '2500.00', '400.00', 'C005', 'A003', 'ASASSINATE');
INSERT INTO ORDERS VALUES('200128', '3500.00', '1500.00', 'C006', 'A002', 'SOD');
INSERT INTO ORDERS VALUES('200135', '2000.00', '800.00', 'C007', 'A010', 'SOD');
INSERT INTO ORDERS VALUES('200131', '900.00', '150.00', 'C008', 'A012', 'ASASSINATE');
INSERT INTO ORDERS VALUES('200133', '1200.00', '400.00', 'C009', 'A002', 'EOD');